"INDICATOR_CODE","INDICATOR_NAME","SOURCE_NOTE","SOURCE_ORGANIZATION",
"TX.VAL.TECH.MF.ZS","İleri teknoloji ihracatları (üretilen ihracat %'si) ","İleri teknoloji ihracatları; uzay, bilgisayar, farmasötik ürünler, bilimsel araçlar ve elektrikli makineler gibi AR-GE yoğunluğu yüksek olan ürünlerdir.","Birleşmiş Milletler, Comtrade veritabanı ",
"TT.PRI.MRCH.XD.WD","Gayri safi değişim ticaret hadleri indeksi (2000 = 100)","Gayri safi değişim ticaret hadleri indeksi; 2000 yılı baz alınarak ölçülen ihracat birim değer indekslerinin ithalat birim değer indekslerine yüzde cinsinden oranı şeklinde hesaplanır. Birim değer indeksleri önceki yılın Standart Uluslararası Ticaret Sınıflandırması üç basamaklı seviyelerindeki önceki yıla ait ticaret değerleri ağırlık olarak kullanılarak elde edilen UNCTAD tahminlerinin de eklendiği UNCTAD kalite kontrollerine uygunluk gösteren ülkelerin bildirdiği verilere dayanır. UNCTAD özellikle son dönemler için veri kapsamını arttırmak amacıyla UNCTAD Emtia Fiyat İstatistikleri, uluslararası ve ulusal kaynaklar ve UNCTAD sekreterliği tahminlerinin kullanıldığı Standart Uluslararası Ticaret Sınıflandırması revizyon 3’e ait üç basamaklı ürün sınıflandırması ve üzerinden bir ortalama fiyat grubu belirlemekte ve birim değer indekslerini cari yıla ait ticaret değerlerinin ağırlık olarak kullanıldığı ülke düzeyinde hesaplamaktadır. ","Birleşmiş Milletler Ticaret ve Kalkınma Konferansı, İstatistik Kılavuzu ve veri dosyaları ve Uluslararası Para Fonu, Uluslararası Finansal istatistikler. ",
"TG.VAL.TOTL.GD.ZS","Mal ithalat ve ihracatı (GSYİH %'si) ","GSYİH’nin bir parçası olarak mal ithalat ve ihracatı hepsi cari ABD doları cinsinden olmak üzere toplam mal ihracat ve ithalatlarının GSYİH değerine bölünmesiyle elde edilir. ","Dünya Ticaret Kurumu ve Dünya Bankası GDYİH tahminleri. ",
"SP.POP.TOTL","Nüfus, toplam ","Toplam nüfus; sığınacakları ülkede daimi olarak yerleşik olmayan ve genel anlamda menşe ülke nüfusunun bir parçası kabul edilen sığınmacılar dışında, yasal statüsü veya vatandaşlığına bakmaksızın ülkedeki tüm yerleşik insanların sayıldığı fiili nüfus tanımına dayanır. Gösterilen değerler yıl ortası tahminleridir. ","(1) Birleşmiş Milletler Nüfus Bölümü. Dünya Nüfusu Beklentileri, (2) Birleşmiş Milletler İstatistik Bölümü. Nüfus ve Doğum ve Ölüm İstatistikleri Raporu (farklı yıllar), (3) Nüfus sayımı raporları ve ulusal istatistik ofislerinden alınan diğer istatistiksel yayınlar, (4) Eurostat; Demografik İstatistikler, (5) Pasifik Topluluğu: İstatistik ve Demografi Programı ve (6) ABD Nüfus Sayımı Bürosu: Uluslararası Veritabanı. ",
"SP.POP.GROW","Nüfus artışı (yıllık %) ","t yılı için yıllık nüfus artış oranı; t-1 yılından t yılına kadar yıl ortası nüfus artışı üst oranının yüzde cinsinden ifade edilmiş halidir. Nüfus, sığınacakları ülkede daimi olarak yerleşik olmayan ve genel anlamda menşe ülke nüfusunun bir parçası kabul edilen sığınmacılar dışında, yasal statüsü veya vatandaşlığına bakmaksızın ülkedeki tüm yerleşik insanların sayıldığı fiili nüfus tanımına dayanır.","Toplam nüfustan türetilmiş. Nüfus kaynağı: (1) Birleşmiş Milletler Nüfus Bölümü. Dünya Nüfusu Beklentileri, (2) Birleşmiş Milletler İstatistik Bölümü. Nüfus ve Doğum ve Ölüm İstatistikleri Raporu (farklı yıllar), (3) Nüfus sayımı raporları ve ulusal istatistik ofislerinden alınan diğer istatistiksel yayınlar, (4) Eurostat; Demografik İstatistikler, (5) Pasifik Topluluğu: İstatistik ve Demografi Programı ve (6) ABD Nüfus Sayımı Bürosu: Uluslararası Veritabanı",
"SP.DYN.TFRT.IN","Doğurganlık oranı, toplam (kadın başına düşen doğum) ","Toplam doğurganlık oranı; bir kadının çocuk doğurabileceği yılların sonuna kadar yaşaması ve mevcut yaşa özel doğurganlık oranlarına uygun olarak çocuk doğurması durumunda doğacak çocuk sayısını gösterir. ","(1) Birleşmiş Milletler Nüfus Bölümü. Dünya Nüfusu Beklentileri, (2) Birleşmiş Milletler İstatistik Bölümü. Nüfus ve Doğum ve Ölüm İstatistikleri Raporu (farklı yıllar), (3) Nüfus sayımı raporları ve ulusal istatistik ofislerinden alınan diğer istatistiksel yayınlar, (4) Eurostat; Demografik İstatistikler, (5) Pasifik Topluluğu: İstatistik ve Demografi Programı ve (6) ABD Nüfus Sayımı Bürosu: Uluslararası Veritabanı",
"SP.DYN.LE00.IN","Doğumda beklenen yaşam süresi, toplam (yıl) ","Doğumda beklenen yaşam süresi; yeni doğan bir bebeğin, doğumu sırasında geçerli olan ölüm oranı modelleri kendi hayatı boyunca da aynı kaldığı sürece yaşayacağı yıl sayısını gösterir. ","(1) Birleşmiş Milletler Nüfus Bölümü. Dünya Nüfusu Beklentileri, (2) Birleşmiş Milletler İstatistik Bölümü. Nüfus ve Doğum ve Ölüm İstatistikleri Raporu (farklı yıllar), (3) Nüfus sayımı raporları ve ulusal istatistik ofislerinden alınan diğer istatistiksel yayınlar, (4) Eurostat; Demografik İstatistikler, (5) Pasifik Topluluğu: İstatistik ve Demografi Programı ve (6) ABD Nüfus Sayımı Bürosu: Uluslararası Veritabanı gibi kaynaklara göre türetilen doğumda beklenen kadın ve erkek yaşam süresi.  ",
"SP.DYN.IMRT.IN","Ölüm oranı, bebek (her 1.000 canlı doğum için) ","Bebek ölüm oranı; bir yılda canlı doğan her 1.000 bebekten bir yaşına gelmeden ölen bebeklerin sayısıdır. ","Çocuk Ölüm Oranı Seviyesi ve Eğilimleri. BM Kuruluşlar Arası Çocuk Ölümleri Tahmin Grubu (UNICEF, WHO, Dünya Bankası, UNDESA, UNPD).",
"SP.DYN.CONU.ZS","Doğum kontrolü yaygınlık oranı (15-49 yaş arası kadınlara %'si) ","Doğum kontrolü yaygınlık oranı; kendisi ya da cinsel ilişkiye girdiği partnerleri herhangi bir korunma yöntemi uygulayan kadınların yüzdesidir. Çoğunlukla sadece 15-49 yaş arası evli kadınlarda ölçülür. ","ICF Uluslararası tarafından yapılan Demografik ve Sağlık Anketleri ve UNICEF tarafından yapılan Çoklu Gösterge Kümeli Anketler dahil olmak üzere hane anketleri. ",
"SP.ADO.TFRT","Gençlerde doğurganlık oranı (15-19 yaş arası her 1.000 kadına düşen doğum sayısı) ","Gençlerde doğurganlık oranı; 15-19 yaş aralığında bulunan her 1.000 kadına düşen doğum sayısıdır. ","Birleşmiş Milletler Nüfus Bölümü, Dünya Nüfus Beklentileri.",
"SM.POP.NETM","Net göç ","Net göç; vatandaş olanlar ve vatandaş olmayanlar dahil olmak üzere toplam göçmen sayısından yıllık göçmen sayısının çıkarılmasıyla bulunan net toplam göç sayısıdır. Veriler beş yıllık tahminlere dayanır. ","Birleşmiş Milletler Nüfus Bölümü, Dünya Nüfus Beklentileri. ",
"SL.UEM.TOTL.ZS","İşsizlik, toplam (toplam işgücüne %'si) ","İşsizlik; işi olmayan ancak çalışmaya uygun olan ve iş arayan işgücü oranına karşılık gelir. İşgücü ve işsizlik tanımları ülkeden ülkeye farklılık gösterir. ","Uluslararası İş Kurumu, İşgücü Piyasası veritabanı Kilit Göstergeleri. ",
"SI.POV.NAHC","Ulusal yoksulluk sınırında kalan yoksul insan sayısı oranı (nüfusa %'si) ","Ulusal yoksulluk oranı; ulusal yoksulluk sınırının altında yaşayan nüfusun yüzdesidir. Ulusal tahminler hane anketlerinden elde edilen nüfus ağırlıklı alt grup tahminlerine dayanır. ","Dünya Bankası, Küresel Yoksulluk Çalışma Grubu. Veriler Dünya Bankası ülke yoksulluk değerlendirmeleri ve ülkelerin Yoksulluğu Azaltma Stratejilerine dayanmaktadır. ",
"SI.POV.GINI","GİNİ indeksi ","Gini indeksi; bir ekonomide yer alan bireyler veya aileler arasındaki gelir (ya da bazı durumlarda, tüketim giderleri) dağılımının tamamen eşit dağılımdan sapma gösterme derecesini ölçer. Bir Lorenz eğrisi en yoksul birey veya aileden başlayarak gelir alanların kümülatif sayısına göre alınan toplam kümülatif gelir yüzdelerini çizerek gösterir. Gini indeksi Lorenz eğrisi ile farazi bir mutlak eşitlik doğrusu arasında kalan ve doğrunun altında kalan alanı ölçer. Dolayısıyla 0 Gini indeksi tam eşitliği ifade ederken 100 indeksi tam eşitsizliği ifade eder. ","Dünya Bankası, Kalkınma Araştırma Grubu. Veriler devlet istatistik kuruluşlarından elde edilen ana hane anketi ve Dünya Bankası ülkeleri bakanlık verilerine dayanmaktadır. Yüksek gelir grubuna dahil ekonomilere ilişkin veriler Lüksemburg Gelir Çalışma veritabanından alınmıştır. daha fazla bilgi ve metodoloji için bkz. PovcalNet (http://iresearch.worldbank.org/PovcalNet/index.htm).",
"SI.POV.DDAY","Günlük gelir 1,90 doların altında kalan yoksul insan sayısı oranı (PPP) nüfusa %'si) ","Günlük geliri 1,90 doların altında kalan nüfus 2011 uluslararası fiyatlarına göre günde 1,90 doların altında bir parayla yaşayan nüfusun yüzdesidir. PPP döviz kurlarında yapılan revizyonlardan sonra, bağımsız ülkelere ait yoksulluk oranları eski baskılarda bildirilen yoksulluk oranlarıyla karşılaştırılamamaktadır.","Dünya Bankası, Kalkınma Araştırma Grubu. Veriler devlet istatistik kuruluşlarından elde edilen ana aile anketi ve Dünya Bankası ülkeleri bakanlık verilerine dayanmaktadır. Yüksek gelir grubuna dahil ekonomilere ilişkin veriler Lüksemburg Gelir Çalışma veritabanından alınmıştır. daha fazla bilgi ve metodoloji için bkz. PovcalNet (http://iresearch.worldbank.org/PovcalNet/index.htm).",
"SI.DST.FRST.20","En düşük %20'lik gruba düşen gelir payı ","Gelir veya tüketim yüzde oranı onda birlikler veya beşte birlikler şeklinde gösterilen nüfus alt gruplarına karşılık gelen orandır. Beşte birlik şeklinde gösterilen yüzde oranları yuvarlama yapılmasından dolayı 100’e tamamlanamaz. ","Dünya Bankası, Kalkınma Araştırma Grubu. Veriler devlet istatistik kuruluşlarından elde edilen ana aile anketi ve Dünya Bankası ülkeleri bakanlık verilerine dayanmaktadır. Yüksek gelir grubuna dahil ekonomilere ilişkin veriler Lüksemburg Gelir Çalışma veritabanından alınmıştır. daha fazla bilgi ve metodoloji için bkz. PovcalNet (http://iresearch.worldbank.org/PovcalNet/index.htm).",
"SH.STA.MALN.ZS","Yetersiz beslenme yaygınlığı, yaşa göre kilo (5 yaş altı çocuklara %'si) ","Çocuklarda yetersiz beslenme yaygınlığı; yaşına göre kilosu 0-59 aylık uluslar arası referans nüfus yaş ortalama değerinin altında kalan standart sapmalardan fazla olan 5 yaş altı çocukların yüzdesidir. Veriler WHO’nun (Dünya Sağlık Örgütü) 2006 yılında yayınladığı yeni çocuk büyüme standartlarına dayanmaktadır. ","Dünya Sağlık Kurumu, Çocuklarda Gelişim ve Yetersiz Beslenme Küresel Veritabanı. Kümelenme UNICEF/WHO 2011 Tarihli Ortak Küresel Yetersiz Beslenme Analizi ve UNICEF tarafından yapılan ek analize dayanmaktadır. ",
"SH.STA.BRTC.ZS","Uzman sağlık personelinin katılımıyla yapılan doğumlar (toplam doğuma %'si) ","Doğumlar; uzman sağlık personelinin katılımıyla yapılan doğumlar kadınlara hamilelik, doğum ve doğum sonrası dönemde gerekli kontrol, bakım ve önerileri sunmak, doğumlarını yaptırmak ve yeni doğanlarla ilgilenmek üzere eğitilmiş personelin katılımıyla gerçekleştirilen doğum yüzdesidir. ","UNICEF, Dünya Çocukları Eyaleti, ICF Uluslararası tarafından yapılan Çocuk Bilgileri ve Demografi ve Sağlık Anketleri.",
"SH.IMM.MEAS","Bağışıklama, kızamık (12-23 aylık çocuklara %'si) ","Çocuk bağışıklama (aşı) oranı; 12 aydan önce veya inceleme yapıldığı sırada aşı yapılmış olan 12-23 aylık çocukların yüzdesidir. Bir çocuk bir doz aşı yapıldıktan sonra kızamık hastalığına karşı bağışıklanmış kabul edilir. ","WHO ve UNICEF (http://www.who.int/immunization_monitoring/routine/en/).",
"SH.DYN.MORT","Ölüm oranı, 5 yaş altı (her 1.000 canlı doğum için) ","Beş yaş altı ölüm oranı; yeni doğan her 1.000 bebeğin mevcut yaşa özel ölüm oranlarına maruz kalması durumunda beş yaşına gelmeden ölme olasılığıdır.","Çocuk Ölüm Oranı Seviyesi ve Eğilimleri. BM Kuruluşlar Arası Çocuk Ölümleri Tahmin Grubu (UNICEF, WHO, Dünya Bankası, UNDESA, UNPD).",
"SH.DYN.AIDS.ZS","HIV yaygınlığı, toplam (15-49 yaş arası nüfusa %'si) ","HIV yaygınlığı; 15-49 yaş arası HIV virüsü bulaşmış insanların yüzdesine karşılık gelir.","Küresel AIDS Salgınına İlişkin UNAIDS ve WHO Raporu.",
"SE.XPD.TOTL.GD.ZS","Eğitime yapılan kamu harcaması, toplam (GSYİH %'si) ","Eğitime yapılan kamu harcamaları; eğitim kurumlarına (devlet okulu ve özel okullar), eğitim dairelerine yapılan hükümet harcamaları ve özel oluşumlar (öğrenciler/haneler ve diğer özel oluşumlar) için yapılan yardımlar dahil olmak üzere eğitim için yapılan kamusal cari ve sermaye giderlerinden oluşur. ","Birleşmiş Milletler Eğitim, Bilim ve Kültür Örgütü (UNESCO) İstatistik Enstitüsü",
"SE.SEC.ENRR","Okula kayıtlılık, ortaöğretim (brüt %)","Brüt okul kayıt oranı; yaşı ne olursa olsun okula kayıtlı öğrencilerin resmi olarak belirtilen eğitim seviyesine karşılık gelen yaş grubu nüfusuna oranıdır. Ortaöğretimde ilköğretim seviyesinde başlayan temel eğitim tamamlanır ve uzmanlık alanlarına ayrılmış öğretmenlerden faydalanılarak daha çok alan ve beceri odaklı eğitim sunularak yaşam boyu öğrenme ve insani gelişmenin temellerinin atılması amaçlanır. ","Birleşmiş Milletler Eğitim, Bilim ve Kültür Örgütü (UNESCO) İstatistik Enstitüsü",
"SE.PRM.ENRR","Okula kayıtlılık, ilköğretim (brüt %)","Brüt okula kayıtlılık oranı; yaşı ne olursa olsun okula kayıtlı öğrencilerin resmi olarak belirtilen eğitim seviyesine karşılık gelen yaş grubu nüfusuna oranıdır. İlköğretim çocuklara temel okuma, yazma ve matematik becerileri sağlamanın yanında tarih, coğrafya, fen bilgisi, sosyal bilimler, sanat ve müzik konularında temel seviyede bir anlayış kazandırır. ","Birleşmiş Milletler Eğitim, Bilim ve Kültür Örgütü (UNESCO) İstatistik Enstitüsü",
"SE.PRM.CMPT.ZS","İlköğretim bitirme oranı (ilgili yaş grubuna %'si) ","İlköğretim bitirme oranı; ilköğretimin son yılını tamamlayan öğrencilerin yüzdesidir. İlköğretimin son sınıfındaki toplam öğrenci sayısı alınıp bu sınıfta kalan öğrencilerin sayısı çıkarıldıktan sonra resmi mezuniyet yaşında bulunan toplam çocuk sayısına bölünerek hesaplanır. ","Birleşmiş Milletler Eğitim, Bilim ve Kültür Örgütü (UNESCO) İstatistik Enstitüsü",
"SE.ENR.PRSC.FM.ZS","İlk ve orta öğretimde kız öğrencilerin erkek öğrencilere oranı (%) ","İlk ve orta öğretimde kız öğrencilerin erkek öğrencilere oranı; devlet okullarında ve özel okullarda ilk ve orta dereceli okullarda kayıtlı kız öğrencilerin erkek öğrencilere yüzdesidir. ","Birleşmiş Milletler Eğitim, Bilim ve Kültür Örgütü (UNESCO) İstatistik Enstitüsü",
"SE.ADT.LITR.ZS","Okuryazarlık oranı, toplam yetişkin (15 yaş ve üzeri insanlara %'si) ","Yetişkin okuryazarlık oranı; okuyabilen, okuduğunu anlayabilen ve günlük hayatta kısa ve basit yazılar yazabilen 15 yaş ve üzeri insanların yüzdesidir. ","Birleşmiş Milletler Eğitim, Bilim ve Kültür Örgütü (UNESCO) İstatistik Enstitüsü",
"NY.GNP.PCAP.PP.CD","Kişi başına düşen GSMB, PPP (cari uluslararası $)","Kişi başına düşen GSMG satın alma gücü paritesine (PPP) dayandırılmıştır. PPP GSMG satın alma gücü parite oranları kullanılarak uluslararası dolara çevrilmiş gayri safi yurtiçi hasıladır. Uluslararası dolar GSMG üzerinden ABD dolarının Birleşik Devletlerde sahip olduğu ile aynı satın alma gücüne sahiptir. GSMG tüm yerleşik üreticilerin katma değer toplamı ile çıktı değerlemesine dahil edilmeyen ürün vergilerinin toplanması (sübvansiyonların çıkarılması) ve buna yurtdışından gelen ana gelir net hasılatının (çalışanların tazminatı ve emlak geliri) eklenmesi ile elde edilen değerdir. Veriler cari uluslararası doları kuru üzerinden verilmiştir.","Dünya Bankası, Uluslararası Karşılaştırma Programı veritabanı.",
"NY.GNP.PCAP.CD","Kişi başına düşen GSMB, Atlas yöntemi (cari USD) ","Kişi başına düşen GSMB (eski adıyla GSMH) Dünya Bankası Atlas yöntemi kullanılarak ABD dolarına çevrilen gayrisafi milli gelirin yıl ortası nüfusa bölünmesiyle elde edilen değerdir. GSMG tüm yerleşik üreticilerin katma değer toplamı ile çıktı değerlemesine dahil edilmeyen ürün vergilerinin toplanması (sübvansiyonların çıkarılması) ve buna yurtdışından gelen ana gelir net hasılatının (çalışanların tazminatı ve emlak geliri) eklenmesi ile elde edilen değerdir. Ulusal para birimi üzerinden hesaplanan GSMH genellikle ekonomiler arasında karşılaştırma yapmak amacıyla ABD dolarına çevrilir, ancak resmi döviz kurunun uluslararası işlemlerde uygulanan kura göre çok yüksek bir marjda sapma yaratacağı hükmüne varılırsa alternatif bir kur da kullanılabilir. Dünya Bankası hafif fiyat ve kur dalgalanmaları için özel bir Atlas dönüştürme yöntemi kullanmaktadır. Bu yöntemde söz konusu ülke ile, 2000 yılında G-5 ülkeleri (Fransa, Almanya, Japonya, İngiltere ve Amerika Birleşik Devletleri) arasındaki enflasyon oranı farklılıkları için düzenlenmiş ve belli bir yıla ait döviz kuru ile önceki iki yılın kurlarının ortalamasını alan bir dönüştürme faktörü uygulanır. 2001 yılından itibaren bu ülkelere Euro bölgesi, Japonya, İngiltere ve Amerika Birleşik Devletleri dahil olmuştur. ","Dünya Bankası ulusal hesap verileri ve OECD Ulusal Hesaplar veri dosyaları.",
"NY.GNP.MKTP.PP.CD","GSMB, PPI (cari uluslararası $)","PPP GSMB (eski adıyla PPP GSMH) satın alma gücü parite oranları kullanılarak uluslararası dolara çevrilen gayri safi milli gelirdir (GSMB). Uluslararası dolar GSMB üzerinden ABD dolarının Birleşik Devletlerde sahip olduğu ile aynı satın alma gücüne sahiptir.  Gayrisafi milli gelir tüm yerleşik üreticilerin katma değer toplamı ile çıktı değerlemesine dahil edilmeyen ürün vergilerinin toplanması (sübvansiyonların çıkarılması) ve buna yurtdışından gelen ana gelir net hasılatının (çalışanların tazminatı ve emlak geliri) eklenmesi ile elde edilen değerdir. Veriler cari uluslararası doları kuru üzerinden verilmiştir.","Dünya Bankası, Uluslararası Karşılaştırma Programı veritabanı.",
"NY.GNP.ATLS.CD","GSMB, Atlas yöntemi (cari USD) ","GSMB (eski adıyla GSMH) tüm yerleşik üreticilerin katma değer toplamı ile çıktı değerlemesine dahil edilmeyen ürün vergilerinin toplanması (sübvansiyonların çıkarılması) ve buna yurtdışından gelen ana gelir net hasılatının (çalışanların tazminatı ve emlak geliri) eklenmesi ile elde edilen değerdir. Veriler cari ABD doları kuru üzerinden verilmiştir. Ulusal para birimi üzerinden hesaplanan GSMH genellikle ekonomiler arasında karşılaştırma yapmak amacıyla ABD dolarına çevrilir, ancak resmi döviz kurunun uluslararası işlemlerde uygulanan kura göre çok yüksek bir marjda sapma yaratacağı hükmüne varılırsa alternatif bir kur da kullanılabilir. Dünya Bankası hafif fiyat ve kur dalgalanmaları için özel bir Atlas dönüştürme yöntemi kullanmaktadır. Bu yöntemde söz konusu ülke ile, 2000 yılında G-5 ülkeleri (Fransa, Almanya, Japonya, İngiltere ve Amerika Birleşik Devletleri) arasındaki enflasyon oranı farklılıkları için düzenlenmiş ve belli bir yıla ait döviz kuru ile önceki iki yılın kurlarının ortalamasını alan bir dönüştürme faktörü uygulanır. 2001 yılından itibaren bu ülkelere Euro bölgesi, Japonya, İngiltere ve Amerika Birleşik Devletleri dahil olmuştur. ","Dünya Bankası ulusal hesap verileri ve OECD Ulusal Hesaplar veri dosyaları.",
"NY.GDP.PCAP.PP.CD","Kişi başına düşen GSYİH, PPP (cari uluslararası $)","Kişi başına düşen GSYİH satın alma gücü paritesine (PPP) dayandırılmıştır. PPP GSYİH satın alma gücü parite oranları kullanılarak uluslararası dolara çevrilmiş gayri safi yurtiçi hasıladır. Uluslararası dolar GSYİH üzerinden ABD dolarının Birleşik Devletlerde sahip olduğu ile aynı satın alma gücüne sahiptir. Satın alma fiyatları cinsinden GSYİH ekonomideki tüm yerleşik üreticilerin brüt katma değer toplamı ile ürün vergilerinin toplanıp ürünlerin değerine dahil olmayan sübvansiyonların çıkarılmasıyla elde edilen değerdir. Yarı mamul varlıkların amortismanı veya doğal kaynakların tükenmesi ve azalması için kesintiler yapılmadan hesaplanır. Veriler cari uluslararası dolar kuru üzerinden verilmiştir.","Dünya Bankası, Uluslararası Karşılaştırma Programı veritabanı.",
"NY.GDP.PCAP.CD","Kişi başına düşen GSYİH (cari USD) ","Kişi başına düşen GSYİH gayri safi yurtiçi hasılanın yıl ortası nüfusa bölünmesiyle elde edilen değerdir. GSYİH ekonomideki tüm yerleşik üreticilerin brüt katma değer toplamı ile ürün vergilerinin toplanıp ürünlerin değerine dahil olmayan sübvansiyonların çıkarılmasıyla elde edilen değerdir. Yarı mamul varlıkların amortismanı veya doğal kaynakların tükenmesi ve azalması için kesintiler yapılmadan hesaplanır. Veriler cari ABD doları kuru üzerinden verilmiştir.","Dünya Bankası ulusal hesap verileri ve OECD Ulusal Hesaplar veri dosyaları.",
"NY.GDP.MKTP.KD.ZG","GSYİH büyüme (yıllık %)","Piyasa fiyatları üzerinden yıllık GSYİH büyüme oranı sabit yerel para birimine dayandırılmıştır. Toplam para arzları 2005 yılı sabit ABD dolarına dayandırılmıştır. GSYİH ekonomideki tüm yerleşik üreticilerin brüt katma değer toplamı ile ürün vergilerinin toplanıp ürünlerin değerine dahil olmayan sübvansiyonların çıkarılmasıyla elde edilen değerdir.  Yarı mamul varlıkların amortismanı veya doğal kaynakların tükenmesi ve azalması için kesintiler yapılmadan hesaplanır.","Dünya Bankası ulusal hesap verileri ve OECD Ulusal Hesaplar veri dosyaları.",
"NY.GDP.MKTP.CD","GSYİH (cari USD) ","Satın alma fiyatları cinsinden GSYİH ekonomideki tüm yerleşik üreticilerin brüt katma değer toplamı ile ürün vergilerinin toplanıp ürünlerin değerine dahil olmayan sübvansiyonların çıkarılmasıyla elde edilen değerdir. Yarı mamul varlıkların amortismanı veya doğal kaynakların tükenmesi ve azalması için kesintiler yapılmadan hesaplanır. Veriler cari ABD doları cinsinden verilmiştir. GSYİH için verilen dolar rakamları tek yıllık resmi döviz kurları kullanılarak yerel para biriminden çevrilir. Resmi döviz kurunun gerçek döviz işlemleri için etkili bir şekilde uygulanan kuru yansıtmadığı birkaç ülkede, alternatif bir dönüştürme faktörü kullanılır. ","Dünya Bankası ulusal hesap verileri ve OECD Ulusal Hesaplar veri dosyaları.",
"NY.GDP.DEFL.KD.ZG","Enflasyon, GSYİH deflatörü (yıllık %) ","GSYİH örtülü deflatörü yıllık büyüme oranına göre ölçülen enflasyon ekonomideki fiyat değişim oranını bütün olarak gösterir. GSYİH örtülü deflatörü cari yerel para birimi cinsinden GSYİH’nin sabit yerel para birimi cinsinden GSYİH’ye oranıdır. ","Dünya Bankası ulusal hesap verileri ve OECD Ulusal Hesaplar veri dosyaları.",
"NV.SRV.TETC.ZS","Hizmetler vb., katma değerli (GSYİH %'si)","Hizmetler; ISIC 50-99 bölümlerine karşılık gelir ve toptan ve perakende ticaret (otel ve restoranlar dahil), ulaşım, devlet hizmetleri, finansal, mesleki ve hizmetler ve eğitim, sağlık ve gayrimenkul hizmetleri gibi kişisel hizmetlerin katma değerini kapsar. Ayrıca emsal banka hizmeti ücretleri, ithalat vergileri ve ulusal derleyiciler tarafından belirlenen her tür istatistiksel çelişki ve yeniden ölçeklendirmeden kaynaklanan çelişkiler de buna dahildir. Katma değer bir sektörün tüm çıktıları ekleyip ara girdileri çıkardıktan sonra elde edilen net çıktısıdır. Yarı mamul varlıkların amortismanı veya doğal kaynakların tükenmesi ve azalması için kesintiler yapılmadan hesaplanır. Katma değerin kökeni Uluslararası Standart Endüstriyel Sınıflandırma(ISIC), revizyon 3. Not: VAB ülkeleri için, faktör maliyetinde gayri safi katma değer önceden saptanmış işletme faaliyeti olarak kullanılır notuna göre belirlenir.","Dünya Bankası ulusal hesap verileri ve OECD Ulusal Hesaplar veri dosyaları.",
"NV.IND.TOTL.ZS","Endüstri, katma değerli (GSYİH %'si)","Endüstri ISIC 10-45 bölümlerine karşılık gelir ve üretimi (ISIC 15-37 bölümleri) kapsar. Madencilik, imalat (ayrı bir alt grup olarak da bildirilir), inşaat, elektrik, su ve gaz katma değerinden oluşur. Katma değer bir sektörün tüm çıktıları ekleyip ara girdileri çıkardıktan sonra elde edilen net çıktısıdır. Yarı mamul varlıkların amortismanı veya doğal kaynakların tükenmesi ve azalması için kesintiler yapılmadan hesaplanır. Katma değerin kökeni Uluslararası Standart Endüstriyel Sınıflandırma(ISIC), revizyon 3. Not: VAB ülkeleri için, faktör maliyetinde gayri safi katma değer önceden saptanmış işletme faaliyeti olarak kullanılır notuna göre belirlenir.","Dünya Bankası ulusal hesap verileri ve OECD Ulusal Hesaplar veri dosyaları.",
"NV.AGR.TOTL.ZS","Tarım, katma değerli (GSYİH %'si)","Tarım ISIC (Uluslararası Standart Endüstriyel Sınıflandırma) 1-5 bölümlerine karşılık gelir ve ormancılık, avcılık ve balıkçılığın yanı sıra ekip dikme ve hayvancılık üretimini kapsar. Katma değer bir sektörün tüm çıktıları ekleyip ara girdileri çıkardıktan sonra elde edilen net çıktısıdır. Yarı mamul varlıkların amortismanı veya doğal kaynakların tükenmesi ve azalması için kesintiler yapılmadan hesaplanır. Katma değerin kökeni Uluslararası Standart Endüstriyel Sınıflandırma(ISIC), revizyon 3. Not: VAB ülkeleri için, faktör maliyetinde gayri safi katma değer önceden saptanmış işletme faaliyeti olarak kullanılır notuna göre belirlenir. ","Dünya Bankası ulusal hesap verileri ve OECD Ulusal Hesaplar veri dosyaları.",
"NE.IMP.GNFS.ZS","Mal ve hizmet ithalatları (GSYİH %'si)","Mal ve hizmet ithalatları dünyanın geri kalanından alınan tüm mallar ve diğer piyasa hizmetlerinin değerini temsil eder. Buna ticaret, navlun, sigorta, taşımacılık, seyahat, telif ücretleri, lisans ücretleri ve iletişim, inşaat, finans, bilgi, işletme, kişisel hizmetler ve devlet hizmetleri gibi diğer hizmetlerin değeri dahildir. Ancak, çalışanların tazminatı, yatırım geliri (önceki adıyla faktör hizmetleri) ve transfer ödemeleri kapsam dışı bırakılmıştır.","Dünya Bankası ulusal hesap verileri ve OECD Ulusal Hesaplar veri dosyaları.",
"NE.GDI.TOTL.ZS","Gayri safi sabit sermaye oluşumu (GSYİH %'si)","Gayri safi sabit sermaye oluşumu (eski adıyla gayri safi yurtiçi yatırım) ekonominin duran varlıklarına katkılar için yapılan harcamalar artı envanterler seviyesindeki net değişiklikler toplamından oluşur. Duran varlıklar arazi ıslahları (çit, hendek,  drenaj ve benzeri); tesis, maline ve ekipman alımları ve okul, işyeri, hastane, özel konut meskenleri, ticari ve endüstriyel binalar da dahil yok, demiryolu ve benzeri inşaatları kapsar. Envanterler firmaların üretim veya satışta meydana gelen ve geçici veya beklenmedik dalgalanmalar ve “üretim aşamasındaki işleri” karşılamak için elinde tuttuğu mal stoklarıdır. 1993 SNA’sına (Ulusal Hesaplar Sistemi) göre değerli eşyaların net iktisapları da sermaye oluşumu olarak kabul edilir. ","Dünya Bankası ulusal hesap verileri ve OECD Ulusal Hesaplar veri dosyaları.",
"NE.EXP.GNFS.ZS","Mal ve hizmet ihracatları (GSYİH %'si)","Mal ve hizmet ihracatları dünyanın geri kalanına sunulan tüm mallar ve diğer piyasa hizmetlerinin değerini temsil eder. Buna ticaret, navlun, sigorta, taşımacılık, seyahat, telif ücretleri, lisans ücretleri ve iletişim, inşaat, finans, bilgi, işletme, kişisel hizmetler ve devlet hizmetleri gibi diğer hizmetlerin değeri dahildir. Ancak, çalışanların tazminatı, yatırım geliri (önceki adıyla faktör hizmetleri) ve transfer ödemeleri kapsam dışı bırakılmıştır. ","Dünya Bankası ulusal hesap verileri ve OECD Ulusal Hesaplar veri dosyaları.",
"MS.MIL.XPND.GD.ZS","Askeri harcamalar (GSYİH %'si) ","SIPRI’nın askeri harcama verileri; barış güçleri de dahil olmak üzere silahlı kuvvetlere; savunma bakanlıkları ve savunma projelerinde yer alan diğer devlet kurumları; askeri operasyonlar ve askeri uzay faaliyetleri için eğitildiği ve teçhiz edildiği hükmüne varılan paramiliter güçlere yapılan tüm cari harcamalar ve sermaye harcamalarını kapsayan NATO tanımlamasından türetilmiştir. Bu harcamalara askeri personelin emekli ikramiyeleri ve çalışanların sosyal hizmet giderleri dahil olmak üzere askeri ve sivil personel; operasyon ve koruma; tedarik; askeri araştırma ve geliştirme; askeri yardım (hibe yapan ülkenin askeri giderlerinde) dahildir. Ancak, sivil savunma ve gazilere yapılan yardımlar gibi eski askeri faaliyetlere ilişkin mevcut harcamalar, seferberliğin sona ermesi, silah değişimi ve imhası kapsam dışıdır. Ancak, bu tanım tüm ülkeler için geçerli olamaz, çünkü askeri bütçelere ve bütçe dışı askeri gider kalemlerine nelerin dahil edildiği konusunda çok daha detaylı bilgilere ihtiyaç duyulacaktır. (Örneğin, askeri bütçeler sivil savunma, yedek kuvvetler ve yardımcı kuvvetler, polis ve paramiliter güçler, askeri ve sivil polis gibi iki amaçlı güçler, ayni askeri yardımlar, askeri personel ücretleri ve hükümetin bir kesimi tarafından diğerine ödenen sosyal güvenlik yardımlarını kapsayabilir de kapsamayabilir de.)","Stockholm Uluslararası Barış Araştırma Enstitüsü  (SIPRI), Yıllık: Silahlanma, Silahsızlanma ve Uluslararası Güvenlik. ",
"IT.CEL.SETS.P2","Mobil cep telefonu abonelikleri (her 100 kişi için ) ","Mobil cep telefonu abonelikleri; kamusal telefon ağına erişim sağlayan hücresel teknoloji kullanılarak bir kamusal mobil telefon hizmetine aboneliktir. Bunlara faturalı ve ön ödemeli abonelikler dahildir. ","Uluslararası Telekomünikasyon Birliği, Dünya Telekomünikasyon/ICT Geliştirme Raporu ve veri tabanı ve Dünya Bankası tahminleri.",
"IC.REG.DURS","İş kurmak için gereken süre (gün) ","İş kurmak için gereken süre yasal olarak bir iş faaliyetinde bulunmaya yönelik prosedürleri tamamlamak için gereken toplam takvim günü sayısıdır. Bir prosedür ek maliyetle hızlandırılabiliyorsa, maliyetten bağımsız olarak en hızlı prosedür seçilir. ","Dünya Bankası, İş Yapma projesi (http://www.doingbusiness.org/).",
"IC.BUS.EASE.XQ","İş yapma kolaylığı endeksi (1=işletme dostu düzenlemeler açısından en üst seviyede)","İş yapma kolaylığı endeksi işletmeleri ilk sırada en iyisi yer alacak şekilde 1’den 185’e kadar derecelendirir. Yüksek bir derecelendirme (düşük sayısal sıra) düzenleyici ortamın iş faaliyetlerine elverişli olduğu anlamına gelir. Endekste ülkelerin Dünya Bankası İş Yapma (World Bank's Doing Business) raporunda ele alınan 10 konuya göre yüzdeli derecelendirme ortalamaları alınır. Her bir konuya göre yapılan derecelendirme bileşen göstergelerindeki yüzdeli derecelendirmelerin basit ortalamasıdır. ","Dünya Bankası, İş Yapma projesi (http://www.doingbusiness.org/).",
"GC.REV.XGRT.GD.ZS","Hibeler hariç gelir (GSYİH %'si) ","Gelir; vergi, sosyal yardım ve de ceza, ücret, mülk kirası veya mülk satış kazancı gibi diğer gelirlerden elde edilen nakit hasılatıdır. Hibeler de gelir olarak kabul edilir ancak burada kapsam dışı bırakılmıştır. ","Uluslararası Para Fonu, Devlet Finans İstatistikleri Yıllığı ve veri dosyaları ve Dünya Bankası ve OECD GSYİH tahminleri.",
"GC.DOD.TOTL.GD.ZS","Merkezi hükümet borçları, toplam (GSYİH %'si) ","Borç; başkalarına karşı üstlenilen belli bir tarihte ödenecek vadeli sözleşmeden doğan doğrudan devlet yükümlülükleri toplam stokudur. Nakit ve para mevduatları, hisse dışı tahviller ve krediler gibi yerli ve yabancı borçlardan oluşur. Hükümetin elinde bulunan özkaynak tutarı ve finansal türevler çıkarılmış olarak belirtilen brüt devlet borçları tutarıdır. Borç bir akıştan çok bir stok olduğu için belli bir tarih, çoğunlukla mali yılın son günü itibariyle ölçülür.","Uluslararası Para Fonu, Devlet Finans İstatistikleri Yıllığı ve veri dosyaları ve Dünya Bankası ve OECD GSYİH tahminleri.",
"GB.XPD.RSDV.GD.ZS","Araştırma ve geliştirme harcamaları (GSYİH %'si) ","Araştırma ve geliştirme harcamaları; insanlık, kültür ve toplum bilgisi dahil olmak üzere bilgiyi ve yeni uygulamalar için bilgi kullanımını arttırmak için sistematik olarak üstlenilen yaratıcı işlere dayalı cari harcamalar ve sermaye harcamalarıdır. AR-GE temel araştırma, uygulamalı araştırma ve deneysel geliştirmeden oluşur. ","Birleşmiş Milletler Eğitim, Bilim ve Kültür Kurumu (UNESCO) İstatistik Enstitüsü.",
"FP.CPI.TOTL.ZG","Enflasyon, tüketici fiyatları (yıllık %) ","Tüketici fiyat endeksine göre ölçülen enflasyon sabit veya yıllık ya da belli aralıklarla değişebilen bir mal ve hizmet grubunu edinen ortalama tüketiciye göre maliyette görülen yıllık yüzde değişimini yansıtır. Genel olarak Laspeyres formülü kullanılır. ","Uluslararası Para Fonu, Uluslararası Finansal İstatistikler ve veri dosyaları.",
"ER.H2O.FWTL.ZS","Yıllık temiz su çekilmeleri, toplam (iç kaynaklar %'si) ","Yıllık temiz su çekilmeleri; depolama havzalarından buharlaşma kayıpları olarak sayılmayan toplam su çekilmelerine karşılık gelir. Çekilmelere tuz giderme tesislerinin önemli bir kaynak olduğu ülkelerde bu tesislerden gelen su da dahildir. Çekilmeler yenilenemeyen su taşırlar veya tuz arıtma tesislerinden elde edilen çıkarmaların önemli miktarda olduğu veya suyu yeniden kullanma oranının yüksek olduğu yerlerde toplam yenilenebilir kaynakların yüzde 100’ünü geçebilir. Tarım ve endüstri için çekilmeler sulama ve hayvancılık üretimi ve doğrudan endüstriyel kullanıma yönelik toplam çekilmelere eşittir (soğutucu termoelektrik tesisler için çekilmeler dahil). Yerli kullanım için çekilmeler içme suyu, şebeke suyu kullanımı veya tedariki ve kamu hizmetleri, ticari kuruluşlar ve evlerde kullanımdan oluşur. Veriler en yakın 1987-2002 yılları için geçerli verilerdir. ","Gıda ve Tarım Kurumu, AQUASTAT verileri.",
"EN.ATM.CO2E.PC","CO2 emisyonları (kişi başı metrik ton) ","Karbondioksit emisyonları fosil yakıtların yanması ve çimento imalatından kaynaklanan emisyonlardır. Katı, sıvı ve gaz yakıtların tüketimi ve de gaz tutuşması sırasında üretilen karbondioksit de bunlara dahildir. ","Karbondioksit Bilgi Analiz Merkezi, Çevre Bilimleri Bölümü, Oak Ridge Ulusal Laboratuvarı, Tennessee, Amerika Birleşik Devletleri.",
"EG.USE.PCAP.KG.OE","Enerji kullanımı (kişi başı hampetrol kg eşdeğeri) ","Enerji kullanımı diğer nihai kullanım yakıtlarına dönüştürülmeden önceki ana enerji kullanımına karşılık gelir ve yerli üretim ile ithalat ve stok değişimleri toplanıp ihracat ve uluslararası taşımacılıkta kullanılan deniz ve hava araçlarına sağlanan yakıtın çıkarılmasıyla elde edilen değere eşittir. ","Uluslararası Enerji Ajansı (IEAStatistics © OECD/IEA, http://www.iea.org/stats/index.asp).",
"EG.USE.ELEC.KH.PC","Elektrik enerjisi tüketimi (kişi başı kWh) ","Elektrik enerjisi tüketimi; enerji santralleri, kombine ısı ve enerji santrallerinin üretiminden iletim, dağıtım ve dönüştürme kayıpları ile ısı ve enerji santrallerinin kendi kullanımı çıkarılarak ölçülür. ","Uluslararası Enerji Ajansı (IEAStatistics © OECD/IEA, http://www.iea.org/stats/index.asp), OECD Üyesi olmayan Ülkelerin Enerji İstatistikleri ve Dengeleri ve OECD Ülkelerinin Enerji İstatistikleri.",
"DT.TDS.DECT.EX.ZS","Toplam borç servisi (mal, hizmet ihracı ve temel gelir %'si) ","Toplam borç hizmeti; ana para geri ödemeleri ile uzun vadeli borçlarda yabancı para, mal veya hizmet olarak ödenmiş faiz, kısa vadeli borçlarda ödenmiş faiz ve IMF’ye yapılan geri ödemeler (yeniden satın almalar ve ücretler) toplamıdır. ","Dünya Bankası, Uluslararası Borç İstatistikleri.",
"DT.ODA.ODAT.CD","Alınan net resmi kalkınma yardımları (cari USD) ","Net resmi kalkınma yardımları (ODA) imtiyazlı vadelerle verilen kredi tediyeleri (anapara geri ödemeleri toplamı) ve Kalkınma Yardımı Komitesi (DAC) resmi kuruluşları, çok uluslu kuruluşlar ve DAC üyesi olmayan ülkeler tarafından ODA alan ülkelerin DAC listesinde bulunan ülke ve bölgelerde ekonomik kalkınma ve refahı teşvik etmek için verilen hibelerden oluşur. En az yüzde 25’lik (yüzde 10 indirim oranından hesaplanmış) hibe unsuru içeren krediler de buna dahildir. Veriler cari ABD doları kuru üzerinden verilmiştir.","Ekonomik İşbirliği ve Kalkınma Kurumu Kalkınma Yardım Komitesi, Sermaye Akımlarının Gelişmekte Olan Ülkelere Coğrafi Dağılımı, Kalkınma İşbirliği Raporu ve Uluslararası Kalkınma İstatistikleri veritabanı. Verilere www.oecd.org/dac/stats/ids adresinden online ulaşılabilir. ",
"DT.DOD.DECT.CD","Dış borç stoku, toplam (DOD (devreden ödenmiş borç), cari USD) ","Toplam dış borç ülkede yerleşik olmayan kişilere olan ve yabancı para, mal veya hizmet olarak geri ödenecek borçtur. Toplam dış borç kamu borcu, kamusal olarak teminat verilen ve özel sektörün teminat verdiği uzun vadeli borç, IMF kredi kullanımı ve kısa vadeli borç toplamıdır. Kısa vadeli borç ilk ihraç tarihindeki vadesi bir yıl veya daha az olan ve uzun vadeli borçlardan kalan faizlerden kaynaklanan tüm borçlardan oluşur. ","Dünya Bankası, Uluslararası Borç İstatistikleri ",
"CM.MKT.LCAP.GD.ZS","Borsaya kayıtlı bir şirketin toplam hisse değeri (GSYİH %'si) ","Borsaya kayıtlı bir şirketin toplam hisse değeri (piyasa değeri olarak da bilinir) hisse fiyatı ile tedavüldeki hisse senedi sayısının çarpımından elde edilir. Borsaya kayıtlı yerli şirketler yılsonunda ülkenin menkul kıymet borsalarında kayıtlı olan ülke içinde kurulmuş şirketlerdir. Borsaya kayıtlı şirketler yatırım şirketleri, yatırım fonları ve diğer kolektif yatırım araçlarını kapsamaz. ","Standard&Poor, Küresel Hisse Senedi Piyasaları Kılavuzu ve ek S&P verileri.",
"BX.TRF.PWKR.CD.DT","Kişisel havaleler, alınan (cari USD) ","Kişisel havaleler çalışanların kişisel transferleri ve tazminatından oluşur. Kişisel transferler ülkede yerleşik haneler tarafından yerleşik olmayan hanelere/hanelerden yapılan/alınan tüm nakdi veya ayni cari transferleri kapsar. Dolayısıyla kişisel transferlere yerleşik ve yerleşik olmayan bireyler arasında yapılan tüm cari transferler dahildir. Çalışanların tazminatı yerleşik olmadıkları bir ekonomide istihdam edilen sınır işçileri, mevsimlik ve diğer kısa süreli işçilerin ve yerleşik olmayan işletmeler tarafından istihdam edilen yerleşik işçilerin gelirine karşılık gelir. Veriler IMF’nin Ödemeler Dengesi Kılavuzunun altıncı baskısında tanımlanan iki maddenin toplamından oluşur: kişisel transferler ve çalışanların tazminatı. Veriler cari ABD doları kuru üzerinden verilmiştir.","IMF ödemeler dengesi verilerine dayalı Dünya Bankası personeli tahminleri.",
"BX.KLT.DINV.CD.WD","Doğrudan yabancı yatırım, net girişler (BoP (ödemeler dengesi), cari USD)","Doğrudan yabancı yatırım yatırımcının kendi ülkesi dışında bir ekonomide faaliyet gösteren bir işletmede yönetimde sürekli çıkar (oy hakkı veren hisse senetlerinin yüzde 10’u veya fazlası) elde etmek için yapılan net yatırım girişleridir. Ödemeler dengesi olarak gösterilen öz sermaye, karların yeniden yatırımı, diğer uzun vadeli sermaye ve kısa vadeli sermayenin toplamıdır. Bu seride kayıtlı ekonomide yabancı yatırımcılardan gelen net girişler (yeni yatırım girişleri eksi elden çıkarılan yatırım) gösterilir. Veriler cari ABD doları kuru üzerinden verilmiştir.","Uluslararası Para Fonu, Ödemeler Dengesi veritabanı, Birleşmiş Milletler Ticaret ve Kalkınma Konferansı verileri ve resmi ulusal kaynaklar eklenmiştir. ",
"AG.SRF.TOTL.K2","Yüzölçümü (km2)","Yüzölçümü bir ülkenin karasal sulak alanları ve bazı sahil suyolları da dahil olmak üzere bir ülkenin toplam yüzey alanıdır. ","Gıda ve Tarım Kurumu, elektronik dosyalar ve web sitesi.",
"AG.LND.FRST.K2","Orman alanı (km2)","Orman alanı; verimli olsun ya da olmasın oluştuğu yerde en az 5 metre uzunluğa sahip doğal veya dikilmiş ağaç gövdelerinin altında kalan arazi olup tarımsal üretim sistemlerinde (meyve ekili alanlar ve tarımsal ormancılık sistemleri gibi) yer alan ağaç gövdeleri ve kent parkları ve bahçelerinde bulunan ağaçları kapsamaz.","Gıda ve Tarım Kurumu, elektronik dosyalar ve web sitesi.",
"AG.LND.AGRI.ZS","Tarım arazisi (toprak parçasına %'si) ","Tarım arazisi; ekilebilir, daimi ekinler ve daimi otlaklarla kaplı toprak parçalarına karşılık gelir. Ekilebilir arazi FAO (Gıda ve Tarım Kurumu) tarafından geçici ekinlerle (iki kez ekilmiş alanlar bir kez sayılır), biçilecek veya hayvan otlatılacak geçici çayırlıklarla kaplı toprak ile bostan veya sebzeliklerle kaplı toprak ve nadasa bırakılan toprak olarak tanımlanan arazilerden oluşur. Toprağın değişimli olarak işlenmesi sonucu kullanılmaz hale gelen toprak bu tanımın dışında kalır. Daimi ekinlerle kaplı arazi, toprağı uzun süre işgal eden ekinlerin yetiştirildiği ve kakao, kahve ve kauçuk gibi her hasattan sonra yeniden dikilmesi gereken arazidir. Bu kategoriye çiçek açan çalılar, meyve ağaçları, ceviz ağaçları ve üzüm asmaları ile kaplı arazi dahil olup, odun veya kereste amaçlı yetiştirilen ağaçlarla kaplı arazi dahil değildir. Daimi otlak ise doğal ve dikilmiş ekinler dahil olmak üzere beş yıl ya da daha uzun süre otlatma amaçlı kullanılan arazidir. ","Gıda ve Tarım Kurumu, elektronik dosyalar ve web sitesi. ",
